,index,NOM,SEXE,GRUP_EDAT,EXITUS,Tasa (muertes/población)
0,0,ALT CAMP,Mujer,0 a 9,0,0.0
1,1,ALT CAMP,Mujer,10 a 19,0,0.0
2,2,ALT CAMP,Mujer,20 a 29,0,0.0
3,3,ALT CAMP,Mujer,30 a 39,0,0.0
4,4,ALT CAMP,Mujer,40 a 49,0,0.0
5,5,ALT CAMP,Mujer,50 a 59,0,0.0
6,6,ALT CAMP,Mujer,60 a 69,2,4.426443573910542e-05
7,7,ALT CAMP,Mujer,70 a 79,5,0.00011066108934776354
8,8,ALT CAMP,Mujer,80 o más,8,0.00017705774295642167
9,9,ALT CAMP,Hombre,0 a 9,0,0.0
10,10,ALT CAMP,Hombre,10 a 19,0,0.0
11,11,ALT CAMP,Hombre,20 a 29,0,0.0
12,12,ALT CAMP,Hombre,30 a 39,0,0.0
13,13,ALT CAMP,Hombre,40 a 49,2,4.426443573910542e-05
14,14,ALT CAMP,Hombre,50 a 59,1,2.213221786955271e-05
15,15,ALT CAMP,Hombre,60 a 69,5,0.00011066108934776354
16,16,ALT CAMP,Hombre,70 a 79,7,0.00015492552508686896
17,17,ALT CAMP,Hombre,80 o más,12,0.0002655866144346325
18,18,ALT CAMP,Residencia,Residencia,56,0.0012394042006949517
19,19,ALT EMPORDA,Mujer,0 a 9,0,0.0
20,20,ALT EMPORDA,Mujer,10 a 19,0,0.0
21,21,ALT EMPORDA,Mujer,20 a 29,1,7.070535663781888e-06
22,22,ALT EMPORDA,Mujer,30 a 39,0,0.0
23,23,ALT EMPORDA,Mujer,40 a 49,1,7.070535663781888e-06
24,24,ALT EMPORDA,Mujer,50 a 59,3,2.1211606991345666e-05
25,25,ALT EMPORDA,Mujer,60 a 69,9,6.3634820974037e-05
26,26,ALT EMPORDA,Mujer,70 a 79,19,0.00013434017761185588
27,27,ALT EMPORDA,Mujer,80 o más,34,0.0002403982125685842
28,28,ALT EMPORDA,Hombre,0 a 9,0,0.0
29,29,ALT EMPORDA,Hombre,10 a 19,0,0.0
30,30,ALT EMPORDA,Hombre,20 a 29,0,0.0
31,31,ALT EMPORDA,Hombre,30 a 39,0,0.0
32,32,ALT EMPORDA,Hombre,40 a 49,1,7.070535663781888e-06
33,33,ALT EMPORDA,Hombre,50 a 59,3,2.1211606991345666e-05
34,34,ALT EMPORDA,Hombre,60 a 69,25,0.0001767633915945472
35,35,ALT EMPORDA,Hombre,70 a 79,36,0.000254539283896148
36,36,ALT EMPORDA,Hombre,80 o más,49,0.0003464562475253125
37,37,ALT EMPORDA,Residencia,Residencia,124,0.0008767464223089542
38,38,ALT PENEDES,Mujer,0 a 9,0,0.0
39,39,ALT PENEDES,Mujer,10 a 19,0,0.0
40,40,ALT PENEDES,Mujer,20 a 29,0,0.0
41,41,ALT PENEDES,Mujer,30 a 39,0,0.0
42,42,ALT PENEDES,Mujer,40 a 49,0,0.0
43,43,ALT PENEDES,Mujer,50 a 59,4,3.596443117756539e-05
44,44,ALT PENEDES,Mujer,60 a 69,5,4.495553897195673e-05
45,45,ALT PENEDES,Mujer,70 a 79,16,0.00014385772471026156
46,46,ALT PENEDES,Mujer,80 o más,28,0.0002517510182429577
47,47,ALT PENEDES,Hombre,0 a 9,0,0.0
48,48,ALT PENEDES,Hombre,10 a 19,0,0.0
49,49,ALT PENEDES,Hombre,20 a 29,1,8.991107794391347e-06
50,50,ALT PENEDES,Hombre,30 a 39,0,0.0
51,51,ALT PENEDES,Hombre,40 a 49,3,2.697332338317404e-05
52,52,ALT PENEDES,Hombre,50 a 59,3,2.697332338317404e-05
53,53,ALT PENEDES,Hombre,60 a 69,21,0.00018881326368221828
54,54,ALT PENEDES,Hombre,70 a 79,28,0.0002517510182429577
55,55,ALT PENEDES,Hombre,80 o más,41,0.00036863541957004523
56,56,ALT PENEDES,Residencia,Residencia,169,0.0015194972172521376
57,57,ALT URGELL,Mujer,0 a 9,0,0.0
58,58,ALT URGELL,Mujer,10 a 19,0,0.0
59,59,ALT URGELL,Mujer,20 a 29,0,0.0
60,60,ALT URGELL,Mujer,30 a 39,0,0.0
61,61,ALT URGELL,Mujer,40 a 49,0,0.0
62,62,ALT URGELL,Mujer,50 a 59,0,0.0
63,63,ALT URGELL,Mujer,60 a 69,0,0.0
64,64,ALT URGELL,Mujer,70 a 79,2,9.88288777980926e-05
65,65,ALT URGELL,Mujer,80 o más,7,0.0003459010722933241
66,66,ALT URGELL,Hombre,0 a 9,0,0.0
67,67,ALT URGELL,Hombre,10 a 19,0,0.0
68,68,ALT URGELL,Hombre,20 a 29,0,0.0
69,69,ALT URGELL,Hombre,30 a 39,0,0.0
70,70,ALT URGELL,Hombre,40 a 49,0,0.0
71,71,ALT URGELL,Hombre,50 a 59,1,4.94144388990463e-05
72,72,ALT URGELL,Hombre,60 a 69,4,0.0001976577555961852
73,73,ALT URGELL,Hombre,70 a 79,5,0.0002470721944952315
74,74,ALT URGELL,Hombre,80 o más,5,0.0002470721944952315
75,75,ALT URGELL,Residencia,Residencia,16,0.0007906310223847408
76,76,ALTA RIBAGORCA,Mujer,0 a 9,0,0.0
77,77,ALTA RIBAGORCA,Mujer,10 a 19,0,0.0
78,78,ALTA RIBAGORCA,Mujer,20 a 29,0,0.0
79,79,ALTA RIBAGORCA,Mujer,30 a 39,0,0.0
80,80,ALTA RIBAGORCA,Mujer,40 a 49,0,0.0
81,81,ALTA RIBAGORCA,Mujer,50 a 59,0,0.0
82,82,ALTA RIBAGORCA,Mujer,60 a 69,2,0.0005008765339343851
83,83,ALTA RIBAGORCA,Mujer,70 a 79,0,0.0
84,84,ALTA RIBAGORCA,Mujer,80 o más,1,0.00025043826696719256
85,85,ALTA RIBAGORCA,Hombre,0 a 9,0,0.0
86,86,ALTA RIBAGORCA,Hombre,10 a 19,0,0.0
87,87,ALTA RIBAGORCA,Hombre,20 a 29,0,0.0
88,88,ALTA RIBAGORCA,Hombre,30 a 39,0,0.0
89,89,ALTA RIBAGORCA,Hombre,40 a 49,0,0.0
90,90,ALTA RIBAGORCA,Hombre,50 a 59,0,0.0
91,91,ALTA RIBAGORCA,Hombre,60 a 69,0,0.0
92,92,ALTA RIBAGORCA,Hombre,70 a 79,1,0.00025043826696719256
93,93,ALTA RIBAGORCA,Hombre,80 o más,0,0.0
94,94,ALTA RIBAGORCA,Residencia,Residencia,2,0.0005008765339343851
95,95,ANOIA,Mujer,0 a 9,0,0.0
96,96,ANOIA,Mujer,10 a 19,0,0.0
97,97,ANOIA,Mujer,20 a 29,0,0.0
98,98,ANOIA,Mujer,30 a 39,0,0.0
99,99,ANOIA,Mujer,40 a 49,3,2.390647785861709e-05
100,100,ANOIA,Mujer,50 a 59,6,4.781295571723418e-05
101,101,ANOIA,Mujer,60 a 69,13,0.00010359473738734072
102,102,ANOIA,Mujer,70 a 79,36,0.0002868777343034051
103,103,ANOIA,Mujer,80 o más,69,0.000549848990748193
104,104,ANOIA,Hombre,0 a 9,0,0.0
105,105,ANOIA,Hombre,10 a 19,0,0.0
106,106,ANOIA,Hombre,20 a 29,0,0.0
107,107,ANOIA,Hombre,30 a 39,1,7.968825952872363e-06
108,108,ANOIA,Hombre,40 a 49,6,4.781295571723418e-05
109,109,ANOIA,Hombre,50 a 59,8,6.37506076229789e-05
110,110,ANOIA,Hombre,60 a 69,31,0.00024703360453904325
111,111,ANOIA,Hombre,70 a 79,60,0.0004781295571723418
112,112,ANOIA,Hombre,80 o más,102,0.000812820247192981
113,113,ANOIA,Residencia,Residencia,242,0.001928455880595112
114,114,BAGES,Mujer,0 a 9,0,0.0
115,115,BAGES,Mujer,10 a 19,0,0.0
116,116,BAGES,Mujer,20 a 29,0,0.0
117,117,BAGES,Mujer,30 a 39,2,1.111753457553253e-05
118,118,BAGES,Mujer,40 a 49,5,2.7793836438831324e-05
119,119,BAGES,Mujer,50 a 59,7,3.891137101436385e-05
120,120,BAGES,Mujer,60 a 69,21,0.00011673411304309157
121,121,BAGES,Mujer,70 a 79,28,0.0001556454840574554
122,122,BAGES,Mujer,80 o más,85,0.00047249521946013254
123,123,BAGES,Hombre,0 a 9,0,0.0
124,124,BAGES,Hombre,10 a 19,1,5.558767287766265e-06
125,125,BAGES,Hombre,20 a 29,0,0.0
126,126,BAGES,Hombre,30 a 39,2,1.111753457553253e-05
127,127,BAGES,Hombre,40 a 49,2,1.111753457553253e-05
128,128,BAGES,Hombre,50 a 59,14,7.78227420287277e-05
129,129,BAGES,Hombre,60 a 69,33,0.00018343932049628674
130,130,BAGES,Hombre,70 a 79,66,0.0003668786409925735
131,131,BAGES,Hombre,80 o más,136,0.000755992351136212
132,132,BAGES,Residencia,Residencia,422,0.002345799795437364
133,133,BAIX CAMP,Mujer,0 a 9,0,0.0
134,134,BAIX CAMP,Mujer,10 a 19,0,0.0
135,135,BAIX CAMP,Mujer,20 a 29,0,0.0
136,136,BAIX CAMP,Mujer,30 a 39,2,1.010478663743015e-05
137,137,BAIX CAMP,Mujer,40 a 49,2,1.010478663743015e-05
138,138,BAIX CAMP,Mujer,50 a 59,2,1.010478663743015e-05
139,139,BAIX CAMP,Mujer,60 a 69,6,3.0314359912290453e-05
140,140,BAIX CAMP,Mujer,70 a 79,33,0.00016672897951759748
141,141,BAIX CAMP,Mujer,80 o más,54,0.0002728292392106141
142,142,BAIX CAMP,Hombre,0 a 9,1,5.052393318715075e-06
143,143,BAIX CAMP,Hombre,10 a 19,0,0.0
144,144,BAIX CAMP,Hombre,20 a 29,0,0.0
145,145,BAIX CAMP,Hombre,30 a 39,1,5.052393318715075e-06
146,146,BAIX CAMP,Hombre,40 a 49,1,5.052393318715075e-06
147,147,BAIX CAMP,Hombre,50 a 59,3,1.5157179956145226e-05
148,148,BAIX CAMP,Hombre,60 a 69,25,0.00012630983296787687
149,149,BAIX CAMP,Hombre,70 a 79,57,0.0002879864191667593
150,150,BAIX CAMP,Hombre,80 o más,78,0.0003940866788597759
151,151,BAIX CAMP,Residencia,Residencia,172,0.0008690116508189929
152,152,BAIX EBRE,Mujer,0 a 9,0,0.0
153,153,BAIX EBRE,Mujer,10 a 19,1,1.2595410232511273e-05
154,154,BAIX EBRE,Mujer,20 a 29,0,0.0
155,155,BAIX EBRE,Mujer,30 a 39,1,1.2595410232511273e-05
156,156,BAIX EBRE,Mujer,40 a 49,2,2.5190820465022546e-05
157,157,BAIX EBRE,Mujer,50 a 59,3,3.778623069753382e-05
158,158,BAIX EBRE,Mujer,60 a 69,4,5.038164093004509e-05
159,159,BAIX EBRE,Mujer,70 a 79,8,0.00010076328186009018
160,160,BAIX EBRE,Mujer,80 o más,13,0.00016374033302264654
161,161,BAIX EBRE,Hombre,0 a 9,0,0.0
162,162,BAIX EBRE,Hombre,10 a 19,0,0.0
163,163,BAIX EBRE,Hombre,20 a 29,1,1.2595410232511273e-05
164,164,BAIX EBRE,Hombre,30 a 39,0,0.0
165,165,BAIX EBRE,Hombre,40 a 49,0,0.0
166,166,BAIX EBRE,Hombre,50 a 59,3,3.778623069753382e-05
167,167,BAIX EBRE,Hombre,60 a 69,5,6.297705116255636e-05
168,168,BAIX EBRE,Hombre,70 a 79,11,0.000138549512557624
169,169,BAIX EBRE,Hombre,80 o más,16,0.00020152656372018037
170,170,BAIX EBRE,Residencia,Residencia,21,0.0002645036148827367
171,171,BAIX EMPORDA,Mujer,0 a 9,0,0.0
172,172,BAIX EMPORDA,Mujer,10 a 19,0,0.0
173,173,BAIX EMPORDA,Mujer,20 a 29,0,0.0
174,174,BAIX EMPORDA,Mujer,30 a 39,1,7.314272339616294e-06
175,175,BAIX EMPORDA,Mujer,40 a 49,3,2.194281701884888e-05
176,176,BAIX EMPORDA,Mujer,50 a 59,4,2.9257089358465175e-05
177,177,BAIX EMPORDA,Mujer,60 a 69,8,5.851417871693035e-05
178,178,BAIX EMPORDA,Mujer,70 a 79,13,9.508554041501181e-05
179,179,BAIX EMPORDA,Mujer,80 o más,32,0.0002340567148677214
180,180,BAIX EMPORDA,Hombre,0 a 9,0,0.0
181,181,BAIX EMPORDA,Hombre,10 a 19,0,0.0
182,182,BAIX EMPORDA,Hombre,20 a 29,0,0.0
183,183,BAIX EMPORDA,Hombre,30 a 39,0,0.0
184,184,BAIX EMPORDA,Hombre,40 a 49,0,0.0
185,185,BAIX EMPORDA,Hombre,50 a 59,9,6.582845105654664e-05
186,186,BAIX EMPORDA,Hombre,60 a 69,16,0.0001170283574338607
187,187,BAIX EMPORDA,Hombre,70 a 79,31,0.00022674244252810508
188,188,BAIX EMPORDA,Hombre,80 o más,42,0.0003071994382638843
189,189,BAIX EMPORDA,Residencia,Residencia,113,0.0008265127743766411
190,190,BAIX LLOBREGAT,Mujer,0 a 9,0,0.0
191,191,BAIX LLOBREGAT,Mujer,10 a 19,1,1.2064341546334913e-06
192,192,BAIX LLOBREGAT,Mujer,20 a 29,0,0.0
193,193,BAIX LLOBREGAT,Mujer,30 a 39,0,0.0
194,194,BAIX LLOBREGAT,Mujer,40 a 49,2,2.4128683092669826e-06
195,195,BAIX LLOBREGAT,Mujer,50 a 59,20,2.4128683092669828e-05
196,196,BAIX LLOBREGAT,Mujer,60 a 69,66,7.962465420581042e-05
197,197,BAIX LLOBREGAT,Mujer,70 a 79,150,0.0001809651231950237
198,198,BAIX LLOBREGAT,Mujer,80 o más,270,0.00032573722175104265
199,199,BAIX LLOBREGAT,Hombre,0 a 9,0,0.0
200,200,BAIX LLOBREGAT,Hombre,10 a 19,0,0.0
201,201,BAIX LLOBREGAT,Hombre,20 a 29,2,2.4128683092669826e-06
202,202,BAIX LLOBREGAT,Hombre,30 a 39,2,2.4128683092669826e-06
203,203,BAIX LLOBREGAT,Hombre,40 a 49,5,6.032170773167457e-06
204,204,BAIX LLOBREGAT,Hombre,50 a 59,42,5.0670234494606635e-05
205,205,BAIX LLOBREGAT,Hombre,60 a 69,166,0.00020026806966915955
206,206,BAIX LLOBREGAT,Hombre,70 a 79,303,0.00036554954885394787
207,207,BAIX LLOBREGAT,Hombre,80 o más,424,0.0005115280815646004
208,208,BAIX LLOBREGAT,Residencia,Residencia,1135,0.0013693027655090127
209,209,BAIX PENEDES,Mujer,0 a 9,0,0.0
210,210,BAIX PENEDES,Mujer,10 a 19,0,0.0
211,211,BAIX PENEDES,Mujer,20 a 29,0,0.0
212,212,BAIX PENEDES,Mujer,30 a 39,0,0.0
213,213,BAIX PENEDES,Mujer,40 a 49,0,0.0
214,214,BAIX PENEDES,Mujer,50 a 59,2,1.7838826205235694e-05
215,215,BAIX PENEDES,Mujer,60 a 69,7,6.243589171832493e-05
216,216,BAIX PENEDES,Mujer,70 a 79,12,0.00010703295723141417
217,217,BAIX PENEDES,Mujer,80 o más,19,0.0001694688489497391
218,218,BAIX PENEDES,Hombre,0 a 9,0,0.0
219,219,BAIX PENEDES,Hombre,10 a 19,0,0.0
220,220,BAIX PENEDES,Hombre,20 a 29,0,0.0
221,221,BAIX PENEDES,Hombre,30 a 39,0,0.0
222,222,BAIX PENEDES,Hombre,40 a 49,0,0.0
223,223,BAIX PENEDES,Hombre,50 a 59,5,4.459706551308924e-05
224,224,BAIX PENEDES,Hombre,60 a 69,20,0.00017838826205235695
225,225,BAIX PENEDES,Hombre,70 a 79,32,0.0002854212192837711
226,226,BAIX PENEDES,Hombre,80 o más,40,0.0003567765241047139
227,227,BAIX PENEDES,Residencia,Residencia,55,0.0004905677206439816
228,228,BARCELONES,Mujer,0 a 9,1,4.4090622101041596e-07
229,229,BARCELONES,Mujer,10 a 19,0,0.0
230,230,BARCELONES,Mujer,20 a 29,3,1.322718663031248e-06
231,231,BARCELONES,Mujer,30 a 39,6,2.645437326062496e-06
232,232,BARCELONES,Mujer,40 a 49,28,1.2345374188291647e-05
233,233,BARCELONES,Mujer,50 a 59,59,2.6013467039614542e-05
234,234,BARCELONES,Mujer,60 a 69,179,7.892221356086446e-05
235,235,BARCELONES,Mujer,70 a 79,483,0.0002129577047480309
236,236,BARCELONES,Mujer,80 o más,1060,0.0004673605942710409
237,237,BARCELONES,Hombre,0 a 9,1,4.4090622101041596e-07
238,238,BARCELONES,Hombre,10 a 19,0,0.0
239,239,BARCELONES,Hombre,20 a 29,4,1.7636248840416639e-06
240,240,BARCELONES,Hombre,30 a 39,7,3.086343547072912e-06
241,241,BARCELONES,Hombre,40 a 49,41,1.8077155061427054e-05
242,242,BARCELONES,Hombre,50 a 59,121,5.334965274226033e-05
243,243,BARCELONES,Hombre,60 a 69,402,0.00017724430084618722
244,244,BARCELONES,Hombre,70 a 79,954,0.00042062453484393686
245,245,BARCELONES,Hombre,80 o más,1640,0.0007230862024570822
246,246,BARCELONES,Residencia,Residencia,3432,0.0015131901505077475
247,247,BERGUEDA,Mujer,0 a 9,0,0.0
248,248,BERGUEDA,Mujer,10 a 19,0,0.0
249,249,BERGUEDA,Mujer,20 a 29,0,0.0
250,250,BERGUEDA,Mujer,30 a 39,1,2.483053162168202e-05
251,251,BERGUEDA,Mujer,40 a 49,0,0.0
252,252,BERGUEDA,Mujer,50 a 59,0,0.0
253,253,BERGUEDA,Mujer,60 a 69,4,9.932212648672808e-05
254,254,BERGUEDA,Mujer,70 a 79,3,7.449159486504606e-05
255,255,BERGUEDA,Mujer,80 o más,10,0.0002483053162168202
256,256,BERGUEDA,Hombre,0 a 9,0,0.0
257,257,BERGUEDA,Hombre,10 a 19,0,0.0
258,258,BERGUEDA,Hombre,20 a 29,1,2.483053162168202e-05
259,259,BERGUEDA,Hombre,30 a 39,0,0.0
260,260,BERGUEDA,Hombre,40 a 49,1,2.483053162168202e-05
261,261,BERGUEDA,Hombre,50 a 59,2,4.966106324336404e-05
262,262,BERGUEDA,Hombre,60 a 69,14,0.0003476274427035483
263,263,BERGUEDA,Hombre,70 a 79,15,0.0003724579743252303
264,264,BERGUEDA,Hombre,80 o más,19,0.0004717801008119584
265,265,BERGUEDA,Residencia,Residencia,119,0.0029548332629801602
266,266,CERDANYA,Mujer,0 a 9,0,0.0
267,267,CERDANYA,Mujer,10 a 19,0,0.0
268,268,CERDANYA,Mujer,20 a 29,0,0.0
269,269,CERDANYA,Mujer,30 a 39,0,0.0
270,270,CERDANYA,Mujer,40 a 49,0,0.0
271,271,CERDANYA,Mujer,50 a 59,0,0.0
272,272,CERDANYA,Mujer,60 a 69,0,0.0
273,273,CERDANYA,Mujer,70 a 79,0,0.0
274,274,CERDANYA,Mujer,80 o más,4,0.0002068787173519524
275,275,CERDANYA,Hombre,0 a 9,0,0.0
276,276,CERDANYA,Hombre,10 a 19,0,0.0
277,277,CERDANYA,Hombre,20 a 29,0,0.0
278,278,CERDANYA,Hombre,30 a 39,0,0.0
279,279,CERDANYA,Hombre,40 a 49,0,0.0
280,280,CERDANYA,Hombre,50 a 59,1,5.17196793379881e-05
281,281,CERDANYA,Hombre,60 a 69,1,5.17196793379881e-05
282,282,CERDANYA,Hombre,70 a 79,5,0.0002585983966899405
283,283,CERDANYA,Hombre,80 o más,4,0.0002068787173519524
284,284,CERDANYA,Residencia,Residencia,14,0.0007240755107318335
285,285,CONCA DE BARBERA,Mujer,0 a 9,0,0.0
286,286,CONCA DE BARBERA,Mujer,10 a 19,0,0.0
287,287,CONCA DE BARBERA,Mujer,20 a 29,0,0.0
288,288,CONCA DE BARBERA,Mujer,30 a 39,1,4.996252810392206e-05
289,289,CONCA DE BARBERA,Mujer,40 a 49,0,0.0
290,290,CONCA DE BARBERA,Mujer,50 a 59,0,0.0
291,291,CONCA DE BARBERA,Mujer,60 a 69,1,4.996252810392206e-05
292,292,CONCA DE BARBERA,Mujer,70 a 79,3,0.00014988758431176618
293,293,CONCA DE BARBERA,Mujer,80 o más,2,9.992505620784411e-05
294,294,CONCA DE BARBERA,Hombre,0 a 9,0,0.0
295,295,CONCA DE BARBERA,Hombre,10 a 19,0,0.0
296,296,CONCA DE BARBERA,Hombre,20 a 29,0,0.0
297,297,CONCA DE BARBERA,Hombre,30 a 39,0,0.0
298,298,CONCA DE BARBERA,Hombre,40 a 49,0,0.0
299,299,CONCA DE BARBERA,Hombre,50 a 59,0,0.0
300,300,CONCA DE BARBERA,Hombre,60 a 69,2,9.992505620784411e-05
301,301,CONCA DE BARBERA,Hombre,70 a 79,3,0.00014988758431176618
302,302,CONCA DE BARBERA,Hombre,80 o más,8,0.00039970022483137646
303,303,CONCA DE BARBERA,Residencia,Residencia,20,0.0009992505620784412
304,304,GARRAF,Mujer,0 a 9,0,0.0
305,305,GARRAF,Mujer,10 a 19,0,0.0
306,306,GARRAF,Mujer,20 a 29,0,0.0
307,307,GARRAF,Mujer,30 a 39,0,0.0
308,308,GARRAF,Mujer,40 a 49,0,0.0
309,309,GARRAF,Mujer,50 a 59,6,3.887521057405728e-05
310,310,GARRAF,Mujer,60 a 69,15,9.71880264351432e-05
311,311,GARRAF,Mujer,70 a 79,19,0.00012310483348451472
312,312,GARRAF,Mujer,80 o más,28,0.00018141764934560063
313,313,GARRAF,Hombre,0 a 9,0,0.0
314,314,GARRAF,Hombre,10 a 19,0,0.0
315,315,GARRAF,Hombre,20 a 29,0,0.0
316,316,GARRAF,Hombre,30 a 39,1,6.47920176234288e-06
317,317,GARRAF,Hombre,40 a 49,3,1.943760528702864e-05
318,318,GARRAF,Hombre,50 a 59,5,3.23960088117144e-05
319,319,GARRAF,Hombre,60 a 69,15,9.71880264351432e-05
320,320,GARRAF,Hombre,70 a 79,39,0.0002526888687313723
321,321,GARRAF,Hombre,80 o más,42,0.00027212647401840095
322,322,GARRAF,Residencia,Residencia,182,0.001179214720746404
323,323,GARRIGUES,Mujer,0 a 9,0,0.0
324,324,GARRIGUES,Mujer,10 a 19,0,0.0
325,325,GARRIGUES,Mujer,20 a 29,0,0.0
326,326,GARRIGUES,Mujer,30 a 39,0,0.0
327,327,GARRIGUES,Mujer,40 a 49,0,0.0
328,328,GARRIGUES,Mujer,50 a 59,0,0.0
329,329,GARRIGUES,Mujer,60 a 69,1,5.2598358931201344e-05
330,330,GARRIGUES,Mujer,70 a 79,4,0.00021039343572480537
331,331,GARRIGUES,Mujer,80 o más,4,0.00021039343572480537
332,332,GARRIGUES,Hombre,0 a 9,0,0.0
333,333,GARRIGUES,Hombre,10 a 19,0,0.0
334,334,GARRIGUES,Hombre,20 a 29,0,0.0
335,335,GARRIGUES,Hombre,30 a 39,0,0.0
336,336,GARRIGUES,Hombre,40 a 49,0,0.0
337,337,GARRIGUES,Hombre,50 a 59,3,0.00015779507679360404
338,338,GARRIGUES,Hombre,60 a 69,2,0.00010519671786240269
339,339,GARRIGUES,Hombre,70 a 79,4,0.00021039343572480537
340,340,GARRIGUES,Hombre,80 o más,8,0.00042078687144961075
341,341,GARRIGUES,Residencia,Residencia,12,0.0006311803071744162
342,342,GARROTXA,Mujer,0 a 9,0,0.0
343,343,GARROTXA,Mujer,10 a 19,0,0.0
344,344,GARROTXA,Mujer,20 a 29,0,0.0
345,345,GARROTXA,Mujer,30 a 39,0,0.0
346,346,GARROTXA,Mujer,40 a 49,0,0.0
347,347,GARROTXA,Mujer,50 a 59,1,1.7031132910961235e-05
348,348,GARROTXA,Mujer,60 a 69,7,0.00011921793037672866
349,349,GARROTXA,Mujer,70 a 79,14,0.0002384358607534573
350,350,GARROTXA,Mujer,80 o más,18,0.00030656039239730225
351,351,GARROTXA,Hombre,0 a 9,0,0.0
352,352,GARROTXA,Hombre,10 a 19,0,0.0
353,353,GARROTXA,Hombre,20 a 29,0,0.0
354,354,GARROTXA,Hombre,30 a 39,1,1.7031132910961235e-05
355,355,GARROTXA,Hombre,40 a 49,1,1.7031132910961235e-05
356,356,GARROTXA,Hombre,50 a 59,3,5.109339873288371e-05
357,357,GARROTXA,Hombre,60 a 69,16,0.00027249812657537977
358,358,GARROTXA,Hombre,70 a 79,26,0.0004428094556849922
359,359,GARROTXA,Hombre,80 o más,29,0.0004939028544178759
360,360,GARROTXA,Residencia,Residencia,120,0.0020437359493153486
361,361,GIRONES,Mujer,0 a 9,0,0.0
362,362,GIRONES,Mujer,10 a 19,0,0.0
363,363,GIRONES,Mujer,20 a 29,1,5.189763710058281e-06
364,364,GIRONES,Mujer,30 a 39,1,5.189763710058281e-06
365,365,GIRONES,Mujer,40 a 49,3,1.5569291130174845e-05
366,366,GIRONES,Mujer,50 a 59,8,4.1518109680466245e-05
367,367,GIRONES,Mujer,60 a 69,16,8.303621936093249e-05
368,368,GIRONES,Mujer,70 a 79,19,9.860551049110733e-05
369,369,GIRONES,Mujer,80 o más,50,0.0002594881855029141
370,370,GIRONES,Hombre,0 a 9,1,5.189763710058281e-06
371,371,GIRONES,Hombre,10 a 19,0,0.0
372,372,GIRONES,Hombre,20 a 29,0,0.0
373,373,GIRONES,Hombre,30 a 39,1,5.189763710058281e-06
374,374,GIRONES,Hombre,40 a 49,4,2.0759054840233123e-05
375,375,GIRONES,Hombre,50 a 59,18,9.341574678104905e-05
376,376,GIRONES,Hombre,60 a 69,23,0.00011936456533134046
377,377,GIRONES,Hombre,70 a 79,57,0.000295816531473322
378,378,GIRONES,Hombre,80 o más,79,0.0004099913330946042
379,379,GIRONES,Residencia,Residencia,212,0.0011002299065323556
380,380,MARESME,Mujer,0 a 9,0,0.0
381,381,MARESME,Mujer,10 a 19,0,0.0
382,382,MARESME,Mujer,20 a 29,0,0.0
383,383,MARESME,Mujer,30 a 39,0,0.0
384,384,MARESME,Mujer,40 a 49,4,8.741583494142047e-06
385,385,MARESME,Mujer,50 a 59,16,3.4966333976568186e-05
386,386,MARESME,Mujer,60 a 69,29,6.337648033252984e-05
387,387,MARESME,Mujer,70 a 79,49,0.00010708439780324006
388,388,MARESME,Mujer,80 o más,126,0.00027535988006547447
389,389,MARESME,Hombre,0 a 9,0,0.0
390,390,MARESME,Hombre,10 a 19,0,0.0
391,391,MARESME,Hombre,20 a 29,0,0.0
392,392,MARESME,Hombre,30 a 39,2,4.370791747071023e-06
393,393,MARESME,Hombre,40 a 49,4,8.741583494142047e-06
394,394,MARESME,Hombre,50 a 59,24,5.2449500964852276e-05
395,395,MARESME,Hombre,60 a 69,60,0.0001311237524121307
396,396,MARESME,Hombre,70 a 79,146,0.0003190677975361847
397,397,MARESME,Hombre,80 o más,199,0.0004348937788335668
398,398,MARESME,Residencia,Residencia,664,0.0014511028600275797
399,399,MOIANES,Mujer,0 a 9,0,0.0
400,400,MOIANES,Mujer,10 a 19,0,0.0
401,401,MOIANES,Mujer,20 a 29,0,0.0
402,402,MOIANES,Mujer,30 a 39,0,0.0
403,403,MOIANES,Mujer,40 a 49,0,0.0
404,404,MOIANES,Mujer,50 a 59,0,0.0
405,405,MOIANES,Mujer,60 a 69,1,7.01508242721852e-05
406,406,MOIANES,Mujer,70 a 79,1,7.01508242721852e-05
407,407,MOIANES,Mujer,80 o más,4,0.0002806032970887408
408,408,MOIANES,Hombre,0 a 9,0,0.0
409,409,MOIANES,Hombre,10 a 19,0,0.0
410,410,MOIANES,Hombre,20 a 29,0,0.0
411,411,MOIANES,Hombre,30 a 39,0,0.0
412,412,MOIANES,Hombre,40 a 49,0,0.0
413,413,MOIANES,Hombre,50 a 59,1,7.01508242721852e-05
414,414,MOIANES,Hombre,60 a 69,3,0.0002104524728165556
415,415,MOIANES,Hombre,70 a 79,7,0.0004910557699052964
416,416,MOIANES,Hombre,80 o más,5,0.00035075412136092597
417,417,MOIANES,Residencia,Residencia,30,0.002104524728165556
418,418,MONTSIA,Mujer,0 a 9,0,0.0
419,419,MONTSIA,Mujer,10 a 19,0,0.0
420,420,MONTSIA,Mujer,20 a 29,0,0.0
421,421,MONTSIA,Mujer,30 a 39,0,0.0
422,422,MONTSIA,Mujer,40 a 49,2,2.8609029009555415e-05
423,423,MONTSIA,Mujer,50 a 59,2,2.8609029009555415e-05
424,424,MONTSIA,Mujer,60 a 69,2,2.8609029009555415e-05
425,425,MONTSIA,Mujer,70 a 79,4,5.721805801911083e-05
426,426,MONTSIA,Mujer,80 o más,9,0.00012874063054299937
427,427,MONTSIA,Hombre,0 a 9,0,0.0
428,428,MONTSIA,Hombre,10 a 19,0,0.0
429,429,MONTSIA,Hombre,20 a 29,0,0.0
430,430,MONTSIA,Hombre,30 a 39,0,0.0
431,431,MONTSIA,Hombre,40 a 49,1,1.4304514504777708e-05
432,432,MONTSIA,Hombre,50 a 59,2,2.8609029009555415e-05
433,433,MONTSIA,Hombre,60 a 69,3,4.291354351433312e-05
434,434,MONTSIA,Hombre,70 a 79,3,4.291354351433312e-05
435,435,MONTSIA,Hombre,80 o más,16,0.00022887223207644332
436,436,MONTSIA,Residencia,Residencia,22,0.00031469931910510957
437,437,NOGUERA,Mujer,0 a 9,0,0.0
438,438,NOGUERA,Mujer,10 a 19,0,0.0
439,439,NOGUERA,Mujer,20 a 29,0,0.0
440,440,NOGUERA,Mujer,30 a 39,0,0.0
441,441,NOGUERA,Mujer,40 a 49,0,0.0
442,442,NOGUERA,Mujer,50 a 59,0,0.0
443,443,NOGUERA,Mujer,60 a 69,3,7.731560228854182e-05
444,444,NOGUERA,Mujer,70 a 79,5,0.0001288593371475697
445,445,NOGUERA,Mujer,80 o más,7,0.0001804030720065976
446,446,NOGUERA,Hombre,0 a 9,0,0.0
447,447,NOGUERA,Hombre,10 a 19,0,0.0
448,448,NOGUERA,Hombre,20 a 29,0,0.0
449,449,NOGUERA,Hombre,30 a 39,0,0.0
450,450,NOGUERA,Hombre,40 a 49,1,2.5771867429513944e-05
451,451,NOGUERA,Hombre,50 a 59,3,7.731560228854182e-05
452,452,NOGUERA,Hombre,60 a 69,10,0.0002577186742951394
453,453,NOGUERA,Hombre,70 a 79,11,0.0002834905417246534
454,454,NOGUERA,Hombre,80 o más,19,0.0004896654811607649
455,455,NOGUERA,Residencia,Residencia,14,0.0003608061440131952
456,456,OSONA,Mujer,0 a 9,0,0.0
457,457,OSONA,Mujer,10 a 19,0,0.0
458,458,OSONA,Mujer,20 a 29,2,1.2219934378952386e-05
459,459,OSONA,Mujer,30 a 39,0,0.0
460,460,OSONA,Mujer,40 a 49,0,0.0
461,461,OSONA,Mujer,50 a 59,11,6.720963908423811e-05
462,462,OSONA,Mujer,60 a 69,9,5.4989704705285735e-05
463,463,OSONA,Mujer,70 a 79,37,0.00022606878601061912
464,464,OSONA,Mujer,80 o más,82,0.0005010173095370478
465,465,OSONA,Hombre,0 a 9,0,0.0
466,466,OSONA,Hombre,10 a 19,0,0.0
467,467,OSONA,Hombre,20 a 29,0,0.0
468,468,OSONA,Hombre,30 a 39,4,2.443986875790477e-05
469,469,OSONA,Hombre,40 a 49,6,3.665980313685715e-05
470,470,OSONA,Hombre,50 a 59,13,7.94295734631905e-05
471,471,OSONA,Hombre,60 a 69,57,0.00034826812980014296
472,472,OSONA,Hombre,70 a 79,86,0.0005254571782949526
473,473,OSONA,Hombre,80 o más,110,0.0006720963908423812
474,474,OSONA,Residencia,Residencia,265,0.0016191413052111911
475,475,PALLARS JUSSA,Mujer,0 a 9,0,0.0
476,476,PALLARS JUSSA,Mujer,10 a 19,0,0.0
477,477,PALLARS JUSSA,Mujer,20 a 29,0,0.0
478,478,PALLARS JUSSA,Mujer,30 a 39,0,0.0
479,479,PALLARS JUSSA,Mujer,40 a 49,0,0.0
480,480,PALLARS JUSSA,Mujer,50 a 59,1,7.61208799573723e-05
481,481,PALLARS JUSSA,Mujer,60 a 69,0,0.0
482,482,PALLARS JUSSA,Mujer,70 a 79,0,0.0
483,483,PALLARS JUSSA,Mujer,80 o más,2,0.0001522417599147446
484,484,PALLARS JUSSA,Hombre,0 a 9,0,0.0
485,485,PALLARS JUSSA,Hombre,10 a 19,0,0.0
486,486,PALLARS JUSSA,Hombre,20 a 29,0,0.0
487,487,PALLARS JUSSA,Hombre,30 a 39,0,0.0
488,488,PALLARS JUSSA,Hombre,40 a 49,0,0.0
489,489,PALLARS JUSSA,Hombre,50 a 59,1,7.61208799573723e-05
490,490,PALLARS JUSSA,Hombre,60 a 69,0,0.0
491,491,PALLARS JUSSA,Hombre,70 a 79,5,0.00038060439978686154
492,492,PALLARS JUSSA,Hombre,80 o más,2,0.0001522417599147446
493,493,PALLARS JUSSA,Residencia,Residencia,72,0.005480703356930806
494,494,PALLARS SOBIRA,Mujer,0 a 9,0,0.0
495,495,PALLARS SOBIRA,Mujer,10 a 19,0,0.0
496,496,PALLARS SOBIRA,Mujer,20 a 29,0,0.0
497,497,PALLARS SOBIRA,Mujer,30 a 39,0,0.0
498,498,PALLARS SOBIRA,Mujer,40 a 49,1,0.00013908205841446454
499,499,PALLARS SOBIRA,Mujer,50 a 59,0,0.0
500,500,PALLARS SOBIRA,Mujer,60 a 69,0,0.0
501,501,PALLARS SOBIRA,Mujer,70 a 79,0,0.0
502,502,PALLARS SOBIRA,Mujer,80 o más,1,0.00013908205841446454
503,503,PALLARS SOBIRA,Hombre,0 a 9,0,0.0
504,504,PALLARS SOBIRA,Hombre,10 a 19,0,0.0
505,505,PALLARS SOBIRA,Hombre,20 a 29,0,0.0
506,506,PALLARS SOBIRA,Hombre,30 a 39,0,0.0
507,507,PALLARS SOBIRA,Hombre,40 a 49,0,0.0
508,508,PALLARS SOBIRA,Hombre,50 a 59,0,0.0
509,509,PALLARS SOBIRA,Hombre,60 a 69,0,0.0
510,510,PALLARS SOBIRA,Hombre,70 a 79,0,0.0
511,511,PALLARS SOBIRA,Hombre,80 o más,0,0.0
512,512,PALLARS SOBIRA,Residencia,Residencia,3,0.0004172461752433936
513,513,PLA D'URGELL,Mujer,0 a 9,0,0.0
514,514,PLA D'URGELL,Mujer,10 a 19,0,0.0
515,515,PLA D'URGELL,Mujer,20 a 29,0,0.0
516,516,PLA D'URGELL,Mujer,30 a 39,0,0.0
517,517,PLA D'URGELL,Mujer,40 a 49,0,0.0
518,518,PLA D'URGELL,Mujer,50 a 59,1,2.648936452014516e-05
519,519,PLA D'URGELL,Mujer,60 a 69,1,2.648936452014516e-05
520,520,PLA D'URGELL,Mujer,70 a 79,12,0.00031787237424174195
521,521,PLA D'URGELL,Mujer,80 o más,14,0.0003708511032820323
522,522,PLA D'URGELL,Hombre,0 a 9,0,0.0
523,523,PLA D'URGELL,Hombre,10 a 19,0,0.0
524,524,PLA D'URGELL,Hombre,20 a 29,0,0.0
525,525,PLA D'URGELL,Hombre,30 a 39,0,0.0
526,526,PLA D'URGELL,Hombre,40 a 49,0,0.0
527,527,PLA D'URGELL,Hombre,50 a 59,2,5.297872904029032e-05
528,528,PLA D'URGELL,Hombre,60 a 69,6,0.00015893618712087097
529,529,PLA D'URGELL,Hombre,70 a 79,11,0.0002913830097215968
530,530,PLA D'URGELL,Hombre,80 o más,16,0.0004238298323223226
531,531,PLA D'URGELL,Residencia,Residencia,18,0.0004768085613626129
532,532,PLA DE L'ESTANY,Mujer,0 a 9,0,0.0
533,533,PLA DE L'ESTANY,Mujer,10 a 19,0,0.0
534,534,PLA DE L'ESTANY,Mujer,20 a 29,0,0.0
535,535,PLA DE L'ESTANY,Mujer,30 a 39,0,0.0
536,536,PLA DE L'ESTANY,Mujer,40 a 49,1,3.05399462496946e-05
537,537,PLA DE L'ESTANY,Mujer,50 a 59,1,3.05399462496946e-05
538,538,PLA DE L'ESTANY,Mujer,60 a 69,3,9.16198387490838e-05
539,539,PLA DE L'ESTANY,Mujer,70 a 79,3,9.16198387490838e-05
540,540,PLA DE L'ESTANY,Mujer,80 o más,11,0.0003359394087466406
541,541,PLA DE L'ESTANY,Hombre,0 a 9,0,0.0
542,542,PLA DE L'ESTANY,Hombre,10 a 19,0,0.0
543,543,PLA DE L'ESTANY,Hombre,20 a 29,0,0.0
544,544,PLA DE L'ESTANY,Hombre,30 a 39,0,0.0
545,545,PLA DE L'ESTANY,Hombre,40 a 49,1,3.05399462496946e-05
546,546,PLA DE L'ESTANY,Hombre,50 a 59,3,9.16198387490838e-05
547,547,PLA DE L'ESTANY,Hombre,60 a 69,3,9.16198387490838e-05
548,548,PLA DE L'ESTANY,Hombre,70 a 79,13,0.00039701930124602983
549,549,PLA DE L'ESTANY,Hombre,80 o más,21,0.0006413388712435866
550,550,PLA DE L'ESTANY,Residencia,Residencia,105,0.003206694356217933
551,551,PRIORAT,Mujer,0 a 9,0,0.0
552,552,PRIORAT,Mujer,10 a 19,0,0.0
553,553,PRIORAT,Mujer,20 a 29,0,0.0
554,554,PRIORAT,Mujer,30 a 39,0,0.0
555,555,PRIORAT,Mujer,40 a 49,0,0.0
556,556,PRIORAT,Mujer,50 a 59,0,0.0
557,557,PRIORAT,Mujer,60 a 69,0,0.0
558,558,PRIORAT,Mujer,70 a 79,0,0.0
559,559,PRIORAT,Mujer,80 o más,1,0.00010828370330265295
560,560,PRIORAT,Hombre,0 a 9,0,0.0
561,561,PRIORAT,Hombre,10 a 19,0,0.0
562,562,PRIORAT,Hombre,20 a 29,0,0.0
563,563,PRIORAT,Hombre,30 a 39,0,0.0
564,564,PRIORAT,Hombre,40 a 49,0,0.0
565,565,PRIORAT,Hombre,50 a 59,0,0.0
566,566,PRIORAT,Hombre,60 a 69,0,0.0
567,567,PRIORAT,Hombre,70 a 79,1,0.00010828370330265295
568,568,PRIORAT,Hombre,80 o más,5,0.0005414185165132648
569,569,PRIORAT,Residencia,Residencia,48,0.0051976177585273415
570,570,RIBERA D'EBRE,Mujer,0 a 9,0,0.0
571,571,RIBERA D'EBRE,Mujer,10 a 19,0,0.0
572,572,RIBERA D'EBRE,Mujer,20 a 29,0,0.0
573,573,RIBERA D'EBRE,Mujer,30 a 39,0,0.0
574,574,RIBERA D'EBRE,Mujer,40 a 49,0,0.0
575,575,RIBERA D'EBRE,Mujer,50 a 59,1,4.622140050843541e-05
576,576,RIBERA D'EBRE,Mujer,60 a 69,1,4.622140050843541e-05
577,577,RIBERA D'EBRE,Mujer,70 a 79,1,4.622140050843541e-05
578,578,RIBERA D'EBRE,Mujer,80 o más,7,0.0003235498035590478
579,579,RIBERA D'EBRE,Hombre,0 a 9,0,0.0
580,580,RIBERA D'EBRE,Hombre,10 a 19,0,0.0
581,581,RIBERA D'EBRE,Hombre,20 a 29,0,0.0
582,582,RIBERA D'EBRE,Hombre,30 a 39,0,0.0
583,583,RIBERA D'EBRE,Hombre,40 a 49,0,0.0
584,584,RIBERA D'EBRE,Hombre,50 a 59,0,0.0
585,585,RIBERA D'EBRE,Hombre,60 a 69,1,4.622140050843541e-05
586,586,RIBERA D'EBRE,Hombre,70 a 79,3,0.00013866420152530622
587,587,RIBERA D'EBRE,Hombre,80 o más,5,0.00023110700254217703
588,588,RIBERA D'EBRE,Residencia,Residencia,9,0.00041599260457591864
589,589,RIPOLLES,Mujer,0 a 9,0,0.0
590,590,RIPOLLES,Mujer,10 a 19,0,0.0
591,591,RIPOLLES,Mujer,20 a 29,0,0.0
592,592,RIPOLLES,Mujer,30 a 39,0,0.0
593,593,RIPOLLES,Mujer,40 a 49,0,0.0
594,594,RIPOLLES,Mujer,50 a 59,1,3.930045195519748e-05
595,595,RIPOLLES,Mujer,60 a 69,2,7.860090391039497e-05
596,596,RIPOLLES,Mujer,70 a 79,2,7.860090391039497e-05
597,597,RIPOLLES,Mujer,80 o más,14,0.0005502063273727648
598,598,RIPOLLES,Hombre,0 a 9,0,0.0
599,599,RIPOLLES,Hombre,10 a 19,0,0.0
600,600,RIPOLLES,Hombre,20 a 29,0,0.0
601,601,RIPOLLES,Hombre,30 a 39,0,0.0
602,602,RIPOLLES,Hombre,40 a 49,0,0.0
603,603,RIPOLLES,Hombre,50 a 59,2,7.860090391039497e-05
604,604,RIPOLLES,Hombre,60 a 69,9,0.00035370406759677734
605,605,RIPOLLES,Hombre,70 a 79,16,0.0006288072312831597
606,606,RIPOLLES,Hombre,80 o más,20,0.0007860090391039497
607,607,RIPOLLES,Residencia,Residencia,38,0.0014934171742975045
608,608,SEGARRA,Mujer,0 a 9,0,0.0
609,609,SEGARRA,Mujer,10 a 19,0,0.0
610,610,SEGARRA,Mujer,20 a 29,0,0.0
611,611,SEGARRA,Mujer,30 a 39,0,0.0
612,612,SEGARRA,Mujer,40 a 49,0,0.0
613,613,SEGARRA,Mujer,50 a 59,1,4.3086733594726185e-05
614,614,SEGARRA,Mujer,60 a 69,0,0.0
615,615,SEGARRA,Mujer,70 a 79,2,8.617346718945237e-05
616,616,SEGARRA,Mujer,80 o más,7,0.00030160713516308327
617,617,SEGARRA,Hombre,0 a 9,0,0.0
618,618,SEGARRA,Hombre,10 a 19,0,0.0
619,619,SEGARRA,Hombre,20 a 29,0,0.0
620,620,SEGARRA,Hombre,30 a 39,0,0.0
621,621,SEGARRA,Hombre,40 a 49,0,0.0
622,622,SEGARRA,Hombre,50 a 59,2,8.617346718945237e-05
623,623,SEGARRA,Hombre,60 a 69,1,4.3086733594726185e-05
624,624,SEGARRA,Hombre,70 a 79,2,8.617346718945237e-05
625,625,SEGARRA,Hombre,80 o más,7,0.00030160713516308327
626,626,SEGARRA,Residencia,Residencia,11,0.000473954069541988
627,627,SEGRIA,Mujer,0 a 9,0,0.0
628,628,SEGRIA,Mujer,10 a 19,0,0.0
629,629,SEGRIA,Mujer,20 a 29,0,0.0
630,630,SEGRIA,Mujer,30 a 39,0,0.0
631,631,SEGRIA,Mujer,40 a 49,1,4.781280331247102e-06
632,632,SEGRIA,Mujer,50 a 59,4,1.9125121324988407e-05
633,633,SEGRIA,Mujer,60 a 69,11,5.2594083643718116e-05
634,634,SEGRIA,Mujer,70 a 79,21,0.00010040688695618913
635,635,SEGRIA,Mujer,80 o más,54,0.00025818913788734345
636,636,SEGRIA,Hombre,0 a 9,0,0.0
637,637,SEGRIA,Hombre,10 a 19,0,0.0
638,638,SEGRIA,Hombre,20 a 29,0,0.0
639,639,SEGRIA,Hombre,30 a 39,0,0.0
640,640,SEGRIA,Hombre,40 a 49,6,2.868768198748261e-05
641,641,SEGRIA,Hombre,50 a 59,10,4.7812803312471016e-05
642,642,SEGRIA,Hombre,60 a 69,39,0.00018646993291863696
643,643,SEGRIA,Hombre,70 a 79,45,0.00021515761490611957
644,644,SEGRIA,Hombre,80 o más,76,0.0003633773051747797
645,645,SEGRIA,Residencia,Residencia,204,0.0009753811875744087
646,646,SELVA,Mujer,0 a 9,0,0.0
647,647,SELVA,Mujer,10 a 19,0,0.0
648,648,SELVA,Mujer,20 a 29,0,0.0
649,649,SELVA,Mujer,30 a 39,3,1.7246632594985828e-05
650,650,SELVA,Mujer,40 a 49,1,5.748877531661943e-06
651,651,SELVA,Mujer,50 a 59,9,5.173989778495749e-05
652,652,SELVA,Mujer,60 a 69,15,8.623316297492915e-05
653,653,SELVA,Mujer,70 a 79,21,0.0001207264281649008
654,654,SELVA,Mujer,80 o más,46,0.00026444836645644936
655,655,SELVA,Hombre,0 a 9,0,0.0
656,656,SELVA,Hombre,10 a 19,0,0.0
657,657,SELVA,Hombre,20 a 29,0,0.0
658,658,SELVA,Hombre,30 a 39,0,0.0
659,659,SELVA,Hombre,40 a 49,2,1.1497755063323885e-05
660,660,SELVA,Hombre,50 a 59,18,0.00010347979556991498
661,661,SELVA,Hombre,60 a 69,48,0.00027594612151977325
662,662,SELVA,Hombre,70 a 79,73,0.00041966805981132185
663,663,SELVA,Hombre,80 o más,57,0.00032768601930473077
664,664,SELVA,Residencia,Residencia,155,0.0008910760174076012
665,665,SOLSONES,Mujer,0 a 9,0,0.0
666,666,SOLSONES,Mujer,10 a 19,0,0.0
667,667,SOLSONES,Mujer,20 a 29,0,0.0
668,668,SOLSONES,Mujer,30 a 39,0,0.0
669,669,SOLSONES,Mujer,40 a 49,0,0.0
670,670,SOLSONES,Mujer,50 a 59,0,0.0
671,671,SOLSONES,Mujer,60 a 69,1,7.172572084349448e-05
672,672,SOLSONES,Mujer,70 a 79,1,7.172572084349448e-05
673,673,SOLSONES,Mujer,80 o más,4,0.00028690288337397793
674,674,SOLSONES,Hombre,0 a 9,0,0.0
675,675,SOLSONES,Hombre,10 a 19,0,0.0
676,676,SOLSONES,Hombre,20 a 29,0,0.0
677,677,SOLSONES,Hombre,30 a 39,0,0.0
678,678,SOLSONES,Hombre,40 a 49,0,0.0
679,679,SOLSONES,Hombre,50 a 59,1,7.172572084349448e-05
680,680,SOLSONES,Hombre,60 a 69,2,0.00014345144168698896
681,681,SOLSONES,Hombre,70 a 79,3,0.00021517716253048342
682,682,SOLSONES,Hombre,80 o más,4,0.00028690288337397793
683,683,SOLSONES,Residencia,Residencia,27,0.001936594462774351
684,684,TARRAGONES,Mujer,0 a 9,0,0.0
685,685,TARRAGONES,Mujer,10 a 19,0,0.0
686,686,TARRAGONES,Mujer,20 a 29,0,0.0
687,687,TARRAGONES,Mujer,30 a 39,2,7.573061107030072e-06
688,688,TARRAGONES,Mujer,40 a 49,3,1.135959166054511e-05
689,689,TARRAGONES,Mujer,50 a 59,5,1.8932652767575183e-05
690,690,TARRAGONES,Mujer,60 a 69,10,3.7865305535150366e-05
691,691,TARRAGONES,Mujer,70 a 79,31,0.00011738244715896613
692,692,TARRAGONES,Mujer,80 o más,50,0.0001893265276757518
693,693,TARRAGONES,Hombre,0 a 9,0,0.0
694,694,TARRAGONES,Hombre,10 a 19,1,3.786530553515036e-06
695,695,TARRAGONES,Hombre,20 a 29,0,0.0
696,696,TARRAGONES,Hombre,30 a 39,0,0.0
697,697,TARRAGONES,Hombre,40 a 49,3,1.135959166054511e-05
698,698,TARRAGONES,Hombre,50 a 59,17,6.437101940975562e-05
699,699,TARRAGONES,Hombre,60 a 69,19,7.194408051678569e-05
700,700,TARRAGONES,Hombre,70 a 79,63,0.00023855142487144728
701,701,TARRAGONES,Hombre,80 o más,82,0.000310495505388233
702,702,TARRAGONES,Residencia,Residencia,191,0.0007232273357213719
703,703,TERRA ALTA,Mujer,0 a 9,0,0.0
704,704,TERRA ALTA,Mujer,10 a 19,0,0.0
705,705,TERRA ALTA,Mujer,20 a 29,0,0.0
706,706,TERRA ALTA,Mujer,30 a 39,0,0.0
707,707,TERRA ALTA,Mujer,40 a 49,0,0.0
708,708,TERRA ALTA,Mujer,50 a 59,1,8.854258898530193e-05
709,709,TERRA ALTA,Mujer,60 a 69,0,0.0
710,710,TERRA ALTA,Mujer,70 a 79,1,8.854258898530193e-05
711,711,TERRA ALTA,Mujer,80 o más,3,0.0002656277669559058
712,712,TERRA ALTA,Hombre,0 a 9,0,0.0
713,713,TERRA ALTA,Hombre,10 a 19,0,0.0
714,714,TERRA ALTA,Hombre,20 a 29,0,0.0
715,715,TERRA ALTA,Hombre,30 a 39,0,0.0
716,716,TERRA ALTA,Hombre,40 a 49,0,0.0
717,717,TERRA ALTA,Hombre,50 a 59,0,0.0
718,718,TERRA ALTA,Hombre,60 a 69,1,8.854258898530193e-05
719,719,TERRA ALTA,Hombre,70 a 79,3,0.0002656277669559058
720,720,TERRA ALTA,Hombre,80 o más,2,0.00017708517797060386
721,721,TERRA ALTA,Residencia,Residencia,12,0.0010625110678236232
722,722,URGELL,Mujer,0 a 9,0,0.0
723,723,URGELL,Mujer,10 a 19,0,0.0
724,724,URGELL,Mujer,20 a 29,0,0.0
725,725,URGELL,Mujer,30 a 39,0,0.0
726,726,URGELL,Mujer,40 a 49,1,2.676229727559814e-05
727,727,URGELL,Mujer,50 a 59,2,5.352459455119628e-05
728,728,URGELL,Mujer,60 a 69,1,2.676229727559814e-05
729,729,URGELL,Mujer,70 a 79,6,0.00016057378365358883
730,730,URGELL,Mujer,80 o más,11,0.0002943852700315795
731,731,URGELL,Hombre,0 a 9,0,0.0
732,732,URGELL,Hombre,10 a 19,0,0.0
733,733,URGELL,Hombre,20 a 29,1,2.676229727559814e-05
734,734,URGELL,Hombre,30 a 39,0,0.0
735,735,URGELL,Hombre,40 a 49,0,0.0
736,736,URGELL,Hombre,50 a 59,1,2.676229727559814e-05
737,737,URGELL,Hombre,60 a 69,4,0.00010704918910239256
738,738,URGELL,Hombre,70 a 79,13,0.0003479098645827758
739,739,URGELL,Hombre,80 o más,15,0.00040143445913397204
740,740,URGELL,Residencia,Residencia,32,0.0008563935128191404
741,741,VALL D'ARAN,Mujer,0 a 9,0,0.0
742,742,VALL D'ARAN,Mujer,10 a 19,0,0.0
743,743,VALL D'ARAN,Mujer,20 a 29,0,0.0
744,744,VALL D'ARAN,Mujer,30 a 39,0,0.0
745,745,VALL D'ARAN,Mujer,40 a 49,0,0.0
746,746,VALL D'ARAN,Mujer,50 a 59,0,0.0
747,747,VALL D'ARAN,Mujer,60 a 69,0,0.0
748,748,VALL D'ARAN,Mujer,70 a 79,0,0.0
749,749,VALL D'ARAN,Mujer,80 o más,2,0.00019619383951343929
750,750,VALL D'ARAN,Hombre,0 a 9,0,0.0
751,751,VALL D'ARAN,Hombre,10 a 19,0,0.0
752,752,VALL D'ARAN,Hombre,20 a 29,0,0.0
753,753,VALL D'ARAN,Hombre,30 a 39,0,0.0
754,754,VALL D'ARAN,Hombre,40 a 49,1,9.809691975671964e-05
755,755,VALL D'ARAN,Hombre,50 a 59,0,0.0
756,756,VALL D'ARAN,Hombre,60 a 69,0,0.0
757,757,VALL D'ARAN,Hombre,70 a 79,3,0.0002942907592701589
758,758,VALL D'ARAN,Hombre,80 o más,2,0.00019619383951343929
759,759,VALL D'ARAN,Residencia,Residencia,4,0.00039238767902687857
760,760,VALLES OCCIDENTAL,Mujer,0 a 9,0,0.0
761,761,VALLES OCCIDENTAL,Mujer,10 a 19,0,0.0
762,762,VALLES OCCIDENTAL,Mujer,20 a 29,0,0.0
763,763,VALLES OCCIDENTAL,Mujer,30 a 39,2,2.1254685329697367e-06
764,764,VALLES OCCIDENTAL,Mujer,40 a 49,7,7.4391398653940776e-06
765,765,VALLES OCCIDENTAL,Mujer,50 a 59,23,2.444288812915197e-05
766,766,VALLES OCCIDENTAL,Mujer,60 a 69,65,6.907772732151644e-05
767,767,VALLES OCCIDENTAL,Mujer,70 a 79,125,0.00013284178331060854
768,768,VALLES OCCIDENTAL,Mujer,80 o más,277,0.00029437739181630853
769,769,VALLES OCCIDENTAL,Hombre,0 a 9,0,0.0
770,770,VALLES OCCIDENTAL,Hombre,10 a 19,0,0.0
771,771,VALLES OCCIDENTAL,Hombre,20 a 29,2,2.1254685329697367e-06
772,772,VALLES OCCIDENTAL,Hombre,30 a 39,0,0.0
773,773,VALLES OCCIDENTAL,Hombre,40 a 49,18,1.912921679672763e-05
774,774,VALLES OCCIDENTAL,Hombre,50 a 59,56,5.951311892315262e-05
775,775,VALLES OCCIDENTAL,Hombre,60 a 69,154,0.00016366107703866972
776,776,VALLES OCCIDENTAL,Hombre,70 a 79,325,0.0003453886366075822
777,777,VALLES OCCIDENTAL,Hombre,80 o más,436,0.0004633521401874026
778,778,VALLES OCCIDENTAL,Residencia,Residencia,1104,0.0011732586301992946
779,779,VALLES ORIENTAL,Mujer,0 a 9,0,0.0
780,780,VALLES ORIENTAL,Mujer,10 a 19,0,0.0
781,781,VALLES ORIENTAL,Mujer,20 a 29,1,2.396558541933783e-06
782,782,VALLES ORIENTAL,Mujer,30 a 39,0,0.0
783,783,VALLES ORIENTAL,Mujer,40 a 49,7,1.6775909793536482e-05
784,784,VALLES ORIENTAL,Mujer,50 a 59,9,2.1569026877404046e-05
785,785,VALLES ORIENTAL,Mujer,60 a 69,20,4.7931170838675664e-05
786,786,VALLES ORIENTAL,Mujer,70 a 79,61,0.00014619007105796077
787,787,VALLES ORIENTAL,Mujer,80 o más,118,0.0002827939079481864
788,788,VALLES ORIENTAL,Hombre,0 a 9,0,0.0
789,789,VALLES ORIENTAL,Hombre,10 a 19,0,0.0
790,790,VALLES ORIENTAL,Hombre,20 a 29,1,2.396558541933783e-06
791,791,VALLES ORIENTAL,Hombre,30 a 39,2,4.793117083867566e-06
792,792,VALLES ORIENTAL,Hombre,40 a 49,4,9.586234167735132e-06
793,793,VALLES ORIENTAL,Hombre,50 a 59,22,5.272428792254323e-05
794,794,VALLES ORIENTAL,Hombre,60 a 69,72,0.00017255221501923237
795,795,VALLES ORIENTAL,Hombre,70 a 79,155,0.0003714665739997364
796,796,VALLES ORIENTAL,Hombre,80 o más,174,0.00041700118629647826
797,797,VALLES ORIENTAL,Residencia,Residencia,563,0.00134926245910872
